candid,candidatename,contactdetailname,contactdetailmobilephone,contactdetailemail,party_partycode
1,Darcee Stapele,Roxine Manis,1187348691,rmanis0@illinois.edu,AAFI
2,Dusty Greenstreet,Lynea Rushby,1662302115,lrushby1@amazon.co.jp,AAP
3,Gar Allatt,Lurline McGovern,2697060587,lmcgovern2@soup.io,AAHP
4,Kiley Geibel,Janella De Gregoli,4863084831,jde3@rakuten.co.jp,AAPP
5,Carlin Reinbeck,Porter Ogilvy,4852036589,pogilvy4@edublogs.org,ABF
6,Ailene McAughtrie,Saul Goare,1676314995,sgoare5@fotki.com,ABR
7,Rosella Ridolfo,Morten Bourner,6159427142,mbourner6@squarespace.com,ACH
8,Josselyn Phonix,Sayer Mea,3171854254,smea7@google.com.br,ACP
9,Horatia Mirando,Jaine Vallentin,1941320661,jvallentin8@tmall.com,ACS
10,Barnaby Stonhard,Valma Piatti,3798976032,vpiatti9@issuu.com,ADP
11,Yoko Apfel,Dru Bleything,2786400226,dbleythinga@themeforest.net,ADVP
12,Ede Penzer,Lemmy Blunsom,3249578106,lblunsomb@free.fr,AED
13,Sofia Claughton,Nerty Tween,3259851961,ntweenc@wix.com,AEQ
14,Daffy Bartel,Ania Flynn,5127011335,aflynnd@pen.io,AF
15,Mortimer Bickerdike,Carleen de la Valette Parisot,6275598728,cdee@delicious.com,AFI
16,Bendite Beech,Darn Guillain,4619760630,dguillainf@sciencedirect.com,AFLP
17,Archie Sporrij,Herb O'Scannill,9123321872,hoscannillg@blinklist.com,AFM
18,Melonie Lorant,Germain Rourke,8766588738,grourkeh@cisco.com,AFN
19,Tony Caudle,Wini Jenno,4282584985,wjennoi@hubpages.com,AGP
20,Eadie Eldritt,Selene Brimble,3657066383,sbrimblej@ameblo.jp,AIN
21,Tracie Fairhead,Hetty Sciacovelli,8651908579,hsciacovellik@sitemeter.com,AIP
22,Smith Trebilcock,Emmet Salerno,6974657526,esalernol@ycombinator.com,AJP
23,Corissa Brazur,Tan Slavin,1703867488,tslavinm@cam.ac.uk,ALA
24,Kennett Fyrth,Marilin Quantick,1398410658,mquantickn@prlog.org,ALP
25,Rhetta Prestie,Colan Brahm,8318391185,cbrahmo@t-online.de,AMHP
26,Alair Menghi,Kial Magnus,2681319078,kmagnusp@va.gov,AMEP
27,Tymon MacCostigan,Melli McKeefry,2146809231,mmckeefryq@webeden.co.uk,ANTI-COM LAB
28,Wyn Parlott,Eachelle Greste,1206473449,egrester@icio.us,ANTI-SOC
29,Dorian Pellett,Jaimie Dowda,3664435302,jdowdas@theguardian.com,AP
30,Natal Oxtiby,Mattie Dewing,9408598632,mdewingt@list-manage.com,APA
31,Dede Turland,Sindee Bollins,5572732953,sbollinsu@cnn.com,ARF
32,Elie Deeney,Jacintha Croal,5429350452,jcroalv@unicef.org,APEP
33,Basil Laughtisse,Tammy Crole,9376249471,tcrolew@google.ru,APP
34,Salome Batiste,Trudey Phillpot,7229752619,tphillpotx@clickbank.net,ARP
35,Tiffanie Cowlas,Daffy Wiggam,5207684031,dwiggamy@cocolog-nifty.com,ARTS
36,Dorine Deare,Nikolos Poulsom,9059834487,npoulsomz@canalblog.com,ASG
37,Lara Potteridge,Delainey Springford,1396095587,dspringford10@nhs.uk,ASP
38,Edee Prujean,Bennie Barthot,2662943910,bbarthot11@unicef.org,ASXP
39,Calla Ruberry,Mathias Bewick,8509600886,mbewick12@weibo.com,AUC
40,Emalee April,Tan Ogilby,7166458780,togilby13@cdc.gov,AUP
41,Jessie Trematick,Charmain Nolda,1059183526,cnolda14@umich.edu,AWP
42,Nev Thirtle,Ellynn Dinnage,2436206964,edinnage15@economist.com,BAP
43,Sigismondo Olliff,Wilie Lille,5103525001,wlille16@deliciousdays.com,BRP
44,Cristin Heasman,Errick Peeke-Vout,6846269159,epeekevout17@comcast.net,BTA
45,Donal Terram,Nollie Slaney,4158950723,nslaney18@slashdot.org,C PROG
46,Julietta Nanetti,Dennison Lared,7933292242,dlared19@telegraph.co.uk,CA
47,Eveline Windaybank,Dud Iacabucci,7672669304,diacabucci1a@jigsy.com,CAL
48,Scarlett Pinar,Marybeth Lorenzetti,2656830156,mlorenzetti1b@squidoo.com,CAP
49,Grata Landre,Marchelle Lawles,7814996257,mlawles1c@facebook.com,CCA
50,Coralie Bilton,Myca Robertucci,7162289167,mrobertucci1d@nps.gov,CCC
51,Rikki Conford,Laryssa Roe,7814487770,lroe1e@prweb.com,CCE
52,Nester Trusler,Geordie McCutheon,9481123324,gmccutheon1f@themeforest.net,CCG
53,Tania Sergent,Elicia Stiggers,3165686388,estiggers1g@indiegogo.com,CDP
54,Kellyann Ducarel,Katrinka Canavan,5048998210,kcanavan1h@homestead.com,CEC
55,Tom Tolmie,Kissiah Tamburo,9673196367,ktamburo1i@who.int,CEG
56,Brenden Hamlen,Bernice Santora,6962298699,bsantora1j@mysql.com,CG
57,Kristos Vamplew,Norbert Thoresbie,3792236979,nthoresbie1k@usatoday.com,CIR
58,Imojean Mote,Pedro Seeger,8056048593,pseeger1l@wufoo.com,CLA
59,Lexie Speir,Alta Kneller,7656620975,akneller1m@posterous.com,CLP
60,Marita Worsom,Hinze Trinbey,3678662875,htrinbey1n@accuweather.com,CLR
61,Cordelia Trengrove,Everard Szymanowski,5854860026,eszymanowski1o@hp.com,CM
62,Crissy Glendza,Smitty Tarrant,2444266147,starrant1p@chronoengine.com,CNP
63,Dallis Dansey,Stella Cassel,3985885972,scassel1q@drupal.org,COM
64,Margo De Ferrari,Josey Keming,1946189289,jkeming1r@aboutads.info,COK
65,Gal Jakovijevic,Ronnica Crimes,2697867695,rcrimes1s@nifty.com,CYA
66,Cash Valentin,Berk Regan,4734071289,bregan1t@msu.edu,CPA
67,Dick Beetham,Birgit Eckford,9594866504,beckford1u@prnewswire.com,CRNT
68,Andreana Clothier,Giustina Seeman,7958551376,gseeman1v@vkontakte.ru,CTA
69,Cross Claessens,Lorianne Clayfield,1536722706,lclayfield1w@about.com,CVP
70,Janela Garfirth,Kimmie Prettyman,2056316680,kprettyman1x@usgs.gov,CYC
71,Pauly Blasio,Barnabe Busse,4718093944,bbusse1y@yahoo.com,DEM
72,Shaylynn Ofer,Yvor Cradey,9257417255,ycradey1z@lycos.com,DEP
73,Dannie Coudray,Delmore Albertson,8602739263,dalbertson20@zdnet.com,DLP
74,Claudine Carragher,Calvin Farres,9921256923,cfarres21@biblegateway.com,DHJP
75,Lora Davall,Jerry Luisetti,6955975820,jluisetti22@imgur.com,DRF
76,Alley Riddler,Boonie Brikner,4717884170,bbrikner23@mashable.com,DSA
77,Chen Galletley,Lauryn Dallyn,1967372405,ldallyn24@dot.gov,DSL
78,Patrizius Behagg,Caritta Yashnov,2351184294,cyashnov25@usgs.gov,DSP
79,Philippe Bolsteridge,Alayne Broome,2293476604,abroome26@yahoo.com,EC
80,Hewe Matteini,Vinni Betancourt,8777069523,vbetancourt27@jiathis.com,EFF
81,Tiphany Nelsen,Blithe Spellward,5281794536,bspellward28@bluehost.com,EFN
82,Cornela Hendren,Yuri Joontjes,9763102954,yjoontjes29@marketwatch.com,EI
83,Clemmie Cuttell,Pepillo Wildor,8709096530,pwildor2a@wired.com,ESG
84,Justen Seebright,Ranee Kesley,4584185728,rkesley2b@discovery.com,FFP
85,Arley Peery,Ulrich Kuhnwald,8445297679,ukuhnwald2c@howstuffworks.com,FLP
86,Devinne MacCrann,Trudie Handrick,3739920870,thandrick2d@fc2.com,FLR
87,Stace Reditt,Malchy Myles,9203207451,mmyles2e@jugem.jp,FLUX
88,Ramon Figliovanni,Ferd Macbeth,6357802674,fmacbeth2f@indiegogo.com,FNPP
89,Farly Vasenkov,Berenice Darmody,9215374516,bdarmody2g@sciencedaily.com,FPA
90,Sterling Staten,Rochella Phythean,3719735361,rphythean2h@feedburner.com,FPY
91,Archie Bee,Brander Clardge,2303172821,bclardge2i@cornell.edu,FST
92,Fields Mafham,Price Chaloner,5599581810,pchaloner2j@alibaba.com,FT
93,Lusa Giddy,Deonne Coggon,3475646957,dcoggon2k@illinois.edu,FUT
94,Lindy Beardsell,Atlanta Anney,6485286083,aanney2l@google.co.jp,GA
95,Hilary Hearons,Jemmie Heisham,6179781929,jheisham2m@google.pl,GDA
96,Betsey Haville,Winfield Boobier,6716755274,wboobier2n@tamu.edu,GLO
97,Drusy Mullarkey,Stevie Strachan,6394809908,sstrachan2o@photobucket.com,GLT
98,Chelsy Randle,Janella Suffe,1644925772,jsuffe2p@cisco.com,GRN
99,Drucy Halladay,Ermin Shasnan,9725029509,eshasnan2q@fda.gov,GRY
100,Georgeta Conrath,Kermie Willson,7798282497,kwillson2r@ow.ly,GSA
101,Costa Gentner,Arte Nabbs,5515118392,anabbs2s@ca.gov,GWA
102,Maryellen Rilings,Ainsley Whereat,1647472709,awhereat2t@merriam-webster.com,GVIC
103,Fitzgerald Thaxter,Tye Rivard,5652301442,trivard2u@blog.com,HAN
104,Tessie Axelby,Lotta Handsheart,6481507616,lhandsheart2v@ucoz.ru,HAR
105,Fabiano Concklin,Edna Bellocht,4539784965,ebellocht2w@t-online.de,HMP
106,Janos Robken,Jerrilyn Willcott,7337536757,jwillcott2x@instagram.com,HOV
107,Gabriell Soppitt,Teirtza Bradly,7598413492,tbradly2y@forbes.com,HPA
108,Winnie Enbury,Merralee Shutle,3577867647,mshutle2z@lulu.com,IG
109,Aveline Gonning,Tarah Kubasek,1246199215,tkubasek30@xinhuanet.com,IMO
110,Alvan Vegas,Coreen Handforth,7388176459,chandforth31@prnewswire.com,IND
111,Moise Fishbie,Berne Smorfit,7524878290,bsmorfit32@lycos.com,IND LAB
112,Enoch Stearns,Kerby Hembrow,7668469725,khembrow33@oakley.com,IND NAT
113,Renault Buscombe,Iosep Killingbeck,8462040056,ikillingbeck34@dion.ne.jp,IND PROT
114,Tildi Pavelka,Deloris Cumberland,7722493752,dcumberland35@tripod.com,JLN
115,Garfield Delbergue,Taddeusz Pollie,8745467909,tpollie36@google.com.br,JMP
116,Alleyn Shorbrook,Ruddy Stear,6445306280,rstear37@seesaa.net,JPI
117,Philippine Barnsdall,Raychel Boosey,2689734087,rboosey38@parallels.com,KAP
118,Lyle Bryceson,Malory Vedmore,3929282394,mvedmore39@aol.com,LABOR
119,Lainey Gerant,Franky Vedntyev,8103557856,fvedntyev3a@upenn.edu,LANG LAB
120,Reid Banbrigge,Marylinda Shmyr,6333237923,mshmyr3b@1688.com,LAOL
121,Lind Gwinn,Cobby Browse,6037958919,cbrowse3c@google.ru,LCL
122,Saunder Shrimpton,Blondie Abberley,7162632591,babberley3d@zimbio.com,LDP
123,Randy Treffrey,Katine Stilwell,5343211219,kstilwell3e@nhs.uk,LEF
124,Bertha Godson,Gladys Mullard,4968617745,gmullard3f@amazon.co.jp,LFF
125,Michelle Mertin,Lucky Phoenix,3343184792,lphoenix3g@businesswire.com,LIB
126,Roby Blodgetts,Lay Bruyet,5785059023,lbruyet3h@mashable.com,LIB DEM
127,Chere Kliemann,Janelle FitzGeorge,5521612971,jfitzgeorge3i@toplist.cz,LM
128,Marin Ritzman,Alayne Newbatt,3285847656,anewbatt3j@mozilla.com,LNC
129,Colene Davenhill,Ranice Bunson,2503922244,rbunson3k@wired.com,LNP
130,Merci Duthy,Darnell Clewer,5594022996,dclewer3l@altervista.org,LNQ
131,Nadine Bendare,Teddy Girkins,8288336517,tgirkins3m@is.gd,LP
132,Lane Merrington,Verla Moulds,4662319448,vmoulds3n@nsw.gov.au,MAP
133,Tamra Tincknell,Welsh Crumley,5649139033,wcrumley3o@webeden.co.uk,MGP
134,Temp Greader,Delbert Maxworthy,7004832327,dmaxworthy3p@tripadvisor.com,MILL
135,Tom Smails,Albert Wardel,4314661031,awardel3q@ustream.tv,NAN
136,Crista Rainer,Jackie Schistl,5919994284,jschistl3r@dmoz.org,NAT
137,Kaine Sheavills,Del Domotor,5764848452,ddomotor3s@example.com,NAT & FARMERS
138,Mimi Trippett,Geoffry Thurlby,5623643225,gthurlby3t@instagram.com,NCO
139,Byrann Hurl,Staci McAlpin,9596771785,smcalpin3u@aboutads.info,NCP
140,Bartolomeo Handes,Brady Snufflebottom,2549642786,bsnufflebottom3v@phpbb.com,NDP
141,Pen Rediers,Olenolin Kimble,4532267983,okimble3w@europa.eu,NGST
142,Babb Norledge,Alexia Viant,4918526828,aviant3x@themeforest.net,NL
143,Nicholle Budnk,Jolene Fulmen,5949423337,jfulmen3y@paypal.com,NLP
144,Gare Purches,Aharon Pellamonuten,4919163549,apellamonuten3z@springer.com,NMP
145,Pia Lloyds,Druci Davidsson,1377392772,ddavidsson40@aboutads.info,NP
146,Belinda Siberry,Hestia Walczak,5411678326,hwalczak41@yolasite.com,OAM
147,Minerva Krysiak,Irvine McKendry,8752060711,imckendry42@seesaa.net,OAP
148,Andris Sheahan,Ashlin McLaine,3067408593,amclaine43@quantcast.com,OCF
149,Waldon Adolphine,Mella Howells,3572793673,mhowells44@ft.com,ODR
150,Annnora Guare,Arthur Lucien,8649879360,alucien45@vinaora.com,ON
151,Melita Aingell,Minni Campkin,3203019112,mcampkin46@globo.com,ONQ
152,Alana Giovannacci,Lorilyn Plaister,4532711334,lplaister47@usa.gov,ONWA
153,Huey Doore,Joletta Tedorenko,1309416049,jtedorenko48@springer.com,OPA
154,Lou Geary,Elle Cervantes,1616387422,ecervantes49@cnn.com,ORP
155,Aila Martt,Clyve Milbourn,9299566604,cmilbourn4a@buzzfeed.com,OTH
156,Justis Demetr,Kaleena Emps,2133812892,kemps4b@goo.gl,PAI
157,Salem Burgne,Thomas Halegarth,5559574804,thalegarth4c@prnewswire.com,PCA
158,Cirilo Jenne,Berk Forty,8358606833,bforty4d@china.com.cn,PEO
159,Odella Stobbart,Hermann Cavnor,8379141945,hcavnor4e@netscape.com,PIR
160,Kermie Kelsall,Brear Deavall,3831494710,bdeavall4f@soup.io,PLP
161,Phylis Iuorio,Hyacintha Morter,7304971307,hmorter4g@mozilla.com,PPA
162,Kimberlee Legan,Wynn Busen,8592883407,wbusen4h@abc.net.au,PROT
163,Norry Blanshard,Alfreda Howkins,2997212248,ahowkins4i@linkedin.com,PUA
164,Alisander Kenwood,Gillian Gutierrez,9283934827,ggutierrez4j@ifeng.com,PUP
165,Jermayne Bickley,Pammi Martinuzzi,4285427316,pmartinuzzi4k@microsoft.com,QF
166,Suzy Emmert,Vinny Edgcombe,3722795731,vedgcombe4l@gizmodo.com,QG
167,Jacquenette O'Henehan,Percy Kelwick,4378365911,pkelwick4m@icq.com,QLD CP
168,Alfredo Cato,Linzy Muncie,8492710234,lmuncie4n@123-reg.co.uk,QLD LP
169,Dode De Mattia,Gilberta Padfield,1398363874,gpadfield4o@blinklist.com,RAP
170,Mead Hellings,Margette Gouldeby,7501832363,mgouldeby4p@4shared.com,RARI
171,Clary Ogley,Ciro Braunstein,7692795553,cbraunstein4q@guardian.co.uk,RCG
172,Webb Hagstone,Sari Calderbank,1124904301,scalderbank4r@intel.com,RCL
173,Shina Gerard,Wanda Juza,2637321462,wjuza4s@gmpg.org,REP
174,Morena Emerson,Orland Antoniewski,9859323272,oantoniewski4t@dion.ne.jp,RFG
175,Felike Bricknell,Benyamin Grigsby,5396929808,bgrigsby4u@aol.com,RFP
176,Ruy Margeram,Eddi Clifforth,3696423185,eclifforth4v@guardian.co.uk,RLS
177,Merrily Rosenblad,Chandler Zanazzi,5527818375,czanazzi4w@wisc.edu,RPA
178,Morty Parysowna,Ric Pope,2626201477,rpope4x@is.gd,RUA
179,Mora Heugh,Corbet Overington,9541638545,coverington4y@microsoft.com,SAL
180,Noel Tryme,Halsy Wolfendale,5045690127,hwolfendale4z@independent.co.uk,SAS
181,Jeanette Rogeon,Barbie Kubista,9137893199,bkubista50@jalbum.net,SCSG
182,Bill Sooper,Augustus Bigby,1529229601,abigby51@hhs.gov,SEN
183,Mariele Schottli,Jackson Tavinor,3862788918,jtavinor52@usda.gov,SEP
184,Berte Landor,Camellia Ziems,2922079770,cziems53@ibm.com,SG
185,Orella Beavers,Nanine Antonetti,4811402800,nantonetti54@hexun.com,SING
186,Jacklin Botcherby,Babbette Rhoddie,6981865741,brhoddie55@1688.com,SMK
187,Elbert Bowles,Hilliard Domoni,4929151873,hdomoni56@kickstarter.com,SOC CRED
188,Franky Parsand,Almira Davenall,8408928328,adavenall57@wired.com,SOL
189,Scarlett Jellis,Flemming Clapston,3967065931,fclapston58@altervista.org,SOV
190,Moise Eastbrook,Mace Sacase,8845611300,msacase59@yellowpages.com,SP
191,Ardra Bassindale,Kariotta Nabbs,5965850884,knabbs5a@netlog.com,SPA
192,Lynelle Keat,Terri-jo Cod,7875294623,tcod5b@weibo.com,SPP
193,Karoline Domotor,Felicio Ransome,4795214279,fransome5c@army.mil,SPRT
194,Kirbee Godney,Oliy Lowdeane,6795583824,olowdeane5d@barnesandnoble.com,SSG
195,Kristofer Braddock,Toby Greaser,6329759511,tgreaser5e@reverbnation.com,STATE LAB
196,Stu Dugood,Sutherland Giacomini,8402570249,sgiacomini5f@zimbio.com,SUN
197,Caleb McNae,Gareth Cardnell,7616468828,gcardnell5g@lycos.com,TCS
198,Jerad Peirson,Rubi Janca,9173371287,rjanca5h@prnewswire.com,TFCA
199,Tobias Humberston,Michaelina Vasnev,4003001432,mvasnev5i@cafepress.com,TFP
200,Brandise Lourens,Alethea Kitchaside,8571562717,akitchaside5j@vk.com,TG
201,Nancey Patsall,Pooh Benoit,9447182851,pbenoit5k@oaic.gov.au,TGA
202,Dal Galpen,Brita Klimschak,7502010155,bklimschak5l@wikimedia.org,TGP
203,Annecorinne Gentery,Kimberly Tremaine,7685208585,ktremaine5m@newyorker.com,TPS
204,Lilla Goullee,Rhodia Parminter,1948110518,rparminter5n@bizjournals.com,TST
205,Ervin Few,Luz Boyda,3634468736,lboyda5o@t.co,TUP
206,Nikola Bilbrey,Elene Ellinor,8391863164,eellinor5p@shareasale.com,UAP
207,Philip Pauly,Babette Feighney,1655992706,bfeighney5q@tuttocitta.it,UNI
208,Rodolfo Passion,Wildon Santen,9752883321,wsanten5r@nih.gov,UNP
209,Malva Seid,Spencer Steward,3704344206,ssteward5s@etsy.com,VCE
210,Glyn Dickon,Beryle McKeand,6202114544,bmckeand5t@accuweather.com,VEP
211,Anatollo Ughi,Eudora Moutray Read,2177101963,emoutray5u@globo.com,VET
212,Eveleen Palffy,Anabella Bande,8218043529,abande5v@google.com.hk,VFU
213,Jacinthe Cordeix,Joeann Morehall,4392424354,jmorehall5w@goodreads.com,VGA
214,Valentijn Priden,Inglebert Nilges,6033329186,inilges5x@hao123.com,VPG
215,Gladys Sommerville,Dame Brewood,8108551583,dbrewood5y@reddit.com,WA
216,Celine Robjohns,Goraud Walch,8644948948,gwalch5z@cafepress.com,WKP
217,Constantine Heiner,Jorgan de Savery,3178921139,jde60@storify.com,WSG
218,Veronika Cresswell,Emanuele Whales,4567946774,ewhales61@usa.gov,WTP
219,Ichabod McKibbin,Ebonee MacDirmid,5225359158,emacdirmid62@hatena.ne.jp,WWW
220,Pooh Gass,Regen Coggles,2738917180,rcoggles63@alibaba.com,XEN
221,Vick Marling,Julie Sansam,1478918947,jsansam64@go.com,YNP
222,Tine Ferrario,Danice Renals,2211139681,drenals65@ameblo.jp,AAFI
223,Jeanie Mozzi,Germain Thiese,9341581243,gthiese66@pinterest.com,AAP
224,Justinian Kislingbury,Benedikta Sans,9899709252,bsans67@omniture.com,AAHP
225,Winslow O'Spellissey,Aaren Beaufoy,8468012644,abeaufoy68@statcounter.com,AAPP
226,Jeni Carrol,Yardley Stallan,6274807424,ystallan69@reuters.com,ABF
227,Octavius Percival,Debora Proughten,8314820878,dproughten6a@disqus.com,ABR
228,Perice Eccleston,Ross Pring,8292277444,rpring6b@cornell.edu,ACH
229,Marcile Ivchenko,Bryan Snap,2686058096,bsnap6c@studiopress.com,ACP
230,Winnie Apthorpe,Emmerich Bamell,5471761372,ebamell6d@examiner.com,ACS
231,Randy Stolte,Herby McAlindon,4114337608,hmcalindon6e@examiner.com,ADP
232,Reube Maffy,Tate O'Suaird,6305066734,tosuaird6f@xing.com,ADVP
233,Dal Flury,Leonhard Dockwra,3388707251,ldockwra6g@squidoo.com,AED
234,Drake Critch,Kennan Juhruke,6336415125,kjuhruke6h@cam.ac.uk,AEQ
235,Linzy St. Queintain,Neill Critten,1461541014,ncritten6i@thetimes.co.uk,AF
236,Janeva Groves,Ichabod Euels,2387036724,ieuels6j@jalbum.net,AFI
237,Gibbie Steventon,Heinrick Gotfrey,8829745823,hgotfrey6k@google.com.au,AFLP
238,Giacobo Burger,Michel Skule,1108328217,mskule6l@ca.gov,AFM
239,Traci Dawson,Merna Knoles,3162705068,mknoles6m@shinystat.com,AFN
240,Honoria Tydeman,Madison Parkeson,1068160077,mparkeson6n@unc.edu,AGP
241,Aldis Polding,Griffin Jiles,2603749482,gjiles6o@nasa.gov,AIN
242,Douglass Lake,Bendicty Amery,6168373382,bamery6p@gmpg.org,AIP
243,Tannie Stigger,Ari McLoughlin,7579045879,amcloughlin6q@canalblog.com,AJP
244,Rose Lesslie,Elonore Aries,3946302043,earies6r@unc.edu,ALA
245,Laural Badsey,Heath Shyram,6988121571,hshyram6s@arstechnica.com,ALP
246,Luigi Seiler,Fee Beckley,3495012553,fbeckley6t@mozilla.com,AMHP
247,Evyn Muttock,Parsifal Fleay,4798648466,pfleay6u@wsj.com,AMEP
248,Bealle Manby,Elmore Fiddeman,6101809621,efiddeman6v@wsj.com,ANTI-COM LAB
249,Elton Peche,Tiebout Kupker,2359875329,tkupker6w@domainmarket.com,ANTI-SOC
250,Ashlie Kornilyev,Adam De Bruijn,4064686925,ade6x@edublogs.org,AP
251,Leanor Reedman,Stuart Vakhlov,8758138799,svakhlov6y@hibu.com,APA
252,Chrissy Holbie,Kelsey Buckerfield,4749544130,kbuckerfield6z@is.gd,ARF
253,Evangelin Offa,Milty Sweetzer,4135023923,msweetzer70@paginegialle.it,APEP
254,Sallyanne Howbrook,Dorree Smitham,4109911312,dsmitham71@gmpg.org,APP
255,Mikael Maskall,Eal Melly,6634341423,emelly72@elegantthemes.com,ARP
256,Sile Salt,Lucienne Pfaffel,3138686061,lpfaffel73@yelp.com,ARTS
257,Dinah Fetterplace,Lyndsie Randalson,9722510999,lrandalson74@over-blog.com,ASG
258,Ives O'Connolly,Clarine Kasper,1055509232,ckasper75@mac.com,ASP
259,Jules Snipe,Ronny Lashbrook,2523630414,rlashbrook76@bbb.org,ASXP
260,Ced Vennart,Dyana Jedryka,7371806542,djedryka77@wisc.edu,AUC
261,Leonidas Roostan,Artie Quarrie,1257715670,aquarrie78@de.vu,AUP
262,Shelby Knightley,Elena Hiscocks,7371745867,ehiscocks79@imgur.com,AWP
263,Elonore Glandon,Ally Mara,1678386049,amara7a@va.gov,BAP
264,Tallie Gofford,Bambi Yanne,1387695017,byanne7b@nih.gov,BRP
265,Maxy Swetmore,Glen Rounding,5165403600,grounding7c@blog.com,BTA
266,Britta Goding,Mirabel Haberfield,2967215518,mhaberfield7d@japanpost.jp,C PROG
267,Felic Hachard,Fernandina Broadfoot,5919150758,fbroadfoot7e@blogspot.com,CA
268,Edita Mazella,Danella Yitzhakof,1711569718,dyitzhakof7f@businessinsider.com,CAL
269,Tobin Lewsey,Mallory Denge,6087514036,mdenge7g@npr.org,CAP
270,Saree Burroughes,Norina Gurnell,8327310922,ngurnell7h@reddit.com,CCA
271,Cassey Izacenko,Karylin Clemo,4092043129,kclemo7i@so-net.ne.jp,CCC
272,Trey O'Sesnane,Drona Francesc,7279743633,dfrancesc7j@weather.com,CCE
273,Sherilyn Brosetti,Pauli Blazy,9628780080,pblazy7k@stanford.edu,CCG
274,Kat Hissie,Brig Cogan,6638451709,bcogan7l@miitbeian.gov.cn,CDP
275,Zebulen Petrello,Collete Dodamead,8368875663,cdodamead7m@addthis.com,CEC
276,Lura Aven,Kat Boniface,6397927617,kboniface7n@economist.com,CEG
277,Lu Pattemore,Emilee Itzchaky,6387983961,eitzchaky7o@bloglines.com,CG
278,Lidia Accombe,Raul Klaassens,3313681292,rklaassens7p@paypal.com,CIR
279,Hamlen Vogeller,Land Albion,2488668789,lalbion7q@japanpost.jp,CLA
280,Kris Whifen,Akim Joannidi,1614947809,ajoannidi7r@upenn.edu,CLP
281,Cyril Organ,Martha O'Docherty,8307115608,modocherty7s@gnu.org,CLR
282,Tuck Reimers,Margaretha Gadney,1277289820,mgadney7t@engadget.com,CM
283,Tillie Clowney,Barbi Ansill,5796812148,bansill7u@nhs.uk,CNP
284,Duffie Stuttard,Brade Schoenleiter,8314894659,bschoenleiter7v@moonfruit.com,COM
285,Philis Kilkenny,Clemens Gladding,8502759620,cgladding7w@chronoengine.com,COK
286,Nikoletta Smewings,Yulma Shakshaft,2697593548,yshakshaft7x@imageshack.us,CYA
287,Sancho Mattioli,Nealy Beeke,2512237506,nbeeke7y@bloglines.com,CPA
288,Ketty Bickerdyke,Chrotoem Strevens,4267913542,cstrevens7z@amazon.co.uk,CRNT
289,Jade Gallaher,Doralia Purchase,4784597954,dpurchase80@chron.com,CTA
290,Lester Bahlmann,Lana Polleye,6535402885,lpolleye81@mashable.com,CVP
291,Jeremie Pridden,Claudina Pounder,8306289440,cpounder82@freewebs.com,CYC
292,Sven Syphas,Hedda Weagener,1894242243,hweagener83@prlog.org,DEM
293,Carolynn Chantree,Donnajean Middlewick,9901419242,dmiddlewick84@jigsy.com,DEP
294,Scot Philbrick,Olvan Hampson,6625544007,ohampson85@eventbrite.com,DLP
295,Gabriel Baudet,Clio Martel,3873483670,cmartel86@imgur.com,DHJP
296,Xerxes Flips,Cindie Kirrens,5898176461,ckirrens87@hud.gov,DRF
297,Tailor Stringer,Jude Wyndham,3513138015,jwyndham88@constantcontact.com,DSA
298,Arden Laytham,May Waight,2613963084,mwaight89@homestead.com,DSL
299,Donn McCool,Dolorita Arnault,3129667990,darnault8a@msn.com,DSP
300,Bobbette Varley,Bianca Polkinhorn,5749940695,bpolkinhorn8b@multiply.com,EC
301,Greer Martell,Caleb Waldram,2949943044,cwaldram8c@amazon.co.uk,EFF
302,Harmonie Engley,Amii Farres,2476831063,afarres8d@forbes.com,EFN
303,Cesar Neeves,Robby Davidovsky,2747144484,rdavidovsky8e@t-online.de,EI
304,Lorri Eldrett,Lian Breslin,8049667410,lbreslin8f@friendfeed.com,ESG
305,Walton Shinefield,Ginelle Brunel,1709422415,gbrunel8g@biglobe.ne.jp,FFP
306,Audrye Daburn,Lane McCardle,1814891031,lmccardle8h@nature.com,FLP
307,Janey Meagh,Rodrick Trower,1459144722,rtrower8i@yellowbook.com,FLR
308,Ruperto Stuckow,Linell Poulgreen,4676908058,lpoulgreen8j@shutterfly.com,FLUX
309,Melodie O'Dempsey,Chantalle Nunson,2224964681,cnunson8k@hexun.com,FNPP
310,Rennie Scadding,Leonardo Lambart,9776837102,llambart8l@tinypic.com,FPA
311,Tildi Wrinch,Auguste Barca,1088941929,abarca8m@bloglines.com,FPY
312,Lemmie Wallworth,Hollyanne Hailston,7208613521,hhailston8n@angelfire.com,FST
313,Crystie Cecchi,Aeriela Di Domenico,3527979539,adi8o@g.co,FT
314,Gar MacCollom,Averil Heinl,5359053553,aheinl8p@dailymail.co.uk,FUT
315,Ortensia Sargood,Samuel Woolnough,6289478349,swoolnough8q@newyorker.com,GA
316,Pamela Pitkeathly,Siffre Cockerton,4454609892,scockerton8r@feedburner.com,GDA
317,Wendy Taggerty,Rosaline Reilly,3824600087,rreilly8s@ucoz.ru,GLO
318,Selle Simonnot,Ivett Binch,3586222680,ibinch8t@engadget.com,GLT
319,Corrine Ulster,Viola Pithcock,6646192478,vpithcock8u@theglobeandmail.com,GRN
320,Ema MacCosty,Sari Hartell,6908168803,shartell8v@vinaora.com,GRY
321,Nicola Simison,Koenraad Karle,9098941214,kkarle8w@xing.com,GSA
322,Rick Lardeur,Lemuel Jose,8994948995,ljose8x@ucsd.edu,GWA
323,Stacy Follitt,Suzanna Ram,6672666453,sram8y@vistaprint.com,GVIC
324,Tawsha Powlett,Giovanna Leason,3884526474,gleason8z@discovery.com,HAN
325,Catherina Inwood,Travers MacPadene,2128987884,tmacpadene90@upenn.edu,HAR
326,Kate Seawright,Kliment Greim,5871422167,kgreim91@people.com.cn,HMP
327,Stephanie Goly,Dom Salery,3285156236,dsalery92@tumblr.com,HOV
328,Clive Hunt,Micah Logan,6188470656,mlogan93@si.edu,HPA
329,Brett Doxey,Herby Quin,5465286453,hquin94@cpanel.net,IG
330,Tammy Devonside,Joline Lever,1282007794,jlever95@webeden.co.uk,IMO
331,Elbert Tebbut,Bill Farland,4742812642,bfarland96@who.int,IND
332,Franny Rickwood,Dre Cremen,4301915445,dcremen97@bluehost.com,IND LAB
333,Fidel de Savery,Geri Lonsdale,6651845880,glonsdale98@ucla.edu,IND NAT
334,Laurie Fillis,Viv Stallworthy,1373770240,vstallworthy99@yandex.ru,IND PROT
335,Magnum Leibold,Eileen Coupman,3788332878,ecoupman9a@elegantthemes.com,JLN
336,Carita Redan,Mortimer Surcombe,8808899810,msurcombe9b@go.com,JMP
337,Edwina Kytley,Mortie Rosbotham,7913183221,mrosbotham9c@upenn.edu,JPI
338,Conrade Portugal,Tremayne MacLice,4405677560,tmaclice9d@prweb.com,KAP
339,Grady Goodby,Frank Reuther,7834183100,freuther9e@miibeian.gov.cn,LABOR
340,Alta Shambroke,Ortensia McGuffog,1581278108,omcguffog9f@dailymotion.com,LANG LAB
341,Wilie Kleint,Andromache Vittery,2452153141,avittery9g@blog.com,LAOL
342,Gard Nother,Goldy McAvaddy,7802203147,gmcavaddy9h@facebook.com,LCL
343,Martita Bridgestock,Wernher Vasilischev,6051617166,wvasilischev9i@discuz.net,LDP
344,Rodd Gavey,Renie Upjohn,7044589909,rupjohn9j@infoseek.co.jp,LEF
345,Emery Le Huquet,Reynard Egentan,7334079531,regentan9k@nyu.edu,LFF
346,Rowan Chidzoy,Bernie Mattingly,8695941841,bmattingly9l@livejournal.com,LIB
347,Kendall Nizard,Christal Yeend,9937543442,cyeend9m@deliciousdays.com,LIB DEM
348,Nancie Vogl,Torrie Emor,5562665610,temor9n@foxnews.com,LM
349,Ezri Samways,Dara Elies,4054728149,delies9o@bravesites.com,LNC
350,Zebadiah Writtle,Cooper Dowtry,3262045919,cdowtry9p@springer.com,LNP
351,Nico Mungane,Martino Mighele,5095152854,mmighele9q@independent.co.uk,LNQ
352,Brok Heisham,Bryana Pentycross,9292323496,bpentycross9r@qq.com,LP
353,Glynis Jannings,Isadore Maffini,4106519706,imaffini9s@aol.com,MAP
354,Trina Pipet,Carlin Hardiker,7256341517,chardiker9t@noaa.gov,MGP
355,Scarlett Braikenridge,Franny Skillanders,4721456375,fskillanders9u@mlb.com,MILL
356,Reider Paslow,Virgilio Lightbourn,1472707968,vlightbourn9v@wordpress.com,NAN
357,Jordon Cankett,Penrod Tavner,4111233096,ptavner9w@freewebs.com,NAT
358,Bryn Grendon,Flynn Broad,6952205257,fbroad9x@mozilla.com,NAT & FARMERS
359,Stacee Beatey,Neale Trippick,6433570883,ntrippick9y@mac.com,NCO
360,Dorette Forrest,Jedidiah Gowenlock,7659527245,jgowenlock9z@sun.com,NCP
361,Vita Augustine,Charla Danzelman,7048689183,cdanzelmana0@cpanel.net,NDP
362,Almira Schust,Clevie Triplett,3129389196,ctripletta1@constantcontact.com,NGST
363,Elonore Hovie,Hadley Mason,2129032963,hmasona2@deliciousdays.com,NL
364,Odetta Cribbins,Maisie Dorracott,2527651470,mdorracotta3@latimes.com,NLP
365,Chrissy Canto,Bellina Margerison,5959483546,bmargerisona4@webmd.com,NMP
366,Milo Surmeyers,Nicolai Haslock,4281864105,nhaslocka5@whitehouse.gov,NP
367,Maddie Beggio,Avigdor Grouer,8421351280,agrouera6@123-reg.co.uk,OAM
368,Noella Chippendale,Ronnie Carsey,4549199902,rcarseya7@cmu.edu,OAP
369,Lacey Wontner,Kincaid Konmann,9004122547,kkonmanna8@google.es,OCF
370,Joe Hammell,Artemas Cunliffe,4055166039,acunliffea9@businessweek.com,ODR
371,Biron Willcott,Georgeta Kauffman,2676616920,gkauffmanaa@exblog.jp,ON
372,Pearle Battill,Nickie Dennistoun,4128527350,ndennistounab@harvard.edu,ONQ
373,Hodge Domenichini,Cyndia Eliasson,7402134004,celiassonac@themeforest.net,ONWA
374,Hilton Banes,Stefa Pinyon,1787831045,spinyonad@posterous.com,OPA
375,Philis Cromie,Linnie Burdell,2423132325,lburdellae@cocolog-nifty.com,ORP
376,Kare Giamelli,Bearnard Stares,2589701554,bstaresaf@nps.gov,OTH
377,Rudy Kleyn,Allie Jakobsson,2836875857,ajakobssonag@accuweather.com,PAI
378,Vivianne Rosenthal,Karoly Bradly,4275051573,kbradlyah@loc.gov,PCA
379,Amye MattiCCI,Ardelia De Minico,6496930929,adeai@oracle.com,PEO
380,Anastasia Playdon,Diana Yankov,9733026549,dyankovaj@ning.com,PIR
381,Darryl Frearson,Codee Fuentes,2641347929,cfuentesak@army.mil,PLP
382,Cosetta Lanfranconi,Jordain Doylend,4229774384,jdoylendal@usa.gov,PPA
383,Sorcha Matessian,Mickey Etchingham,1429149743,metchinghamam@shop-pro.jp,PROT
384,Davy Gershom,Giordano Oldred,3674224661,goldredan@goo.gl,PUA
385,Babbie Kullmann,Ilise Teese,3061938552,iteeseao@gnu.org,PUP
386,Haleigh Gowers,Alvan Mellodey,7454955168,amellodeyap@bbb.org,QF
387,Viki Hammel,Holli Buttle,4879924146,hbuttleaq@deviantart.com,QG
388,Tallie Karczinski,Perl Smewings,2836834374,psmewingsar@yelp.com,QLD CP
389,Fayina Helliwell,Corette Letrange,2395977290,cletrangeas@woothemes.com,QLD LP
390,Augustin Leroux,Bibbie Ubee,4586652717,bubeeat@ow.ly,RAP
391,Corina Bromilow,Ora Pottell,4036035442,opottellau@spiegel.de,RARI
392,William Erwin,Pearline Jinkinson,5046810516,pjinkinsonav@free.fr,RCG
393,Tito Sherland,Farlay Cotes,8644390614,fcotesaw@example.com,RCL
394,Lela Hawksworth,Rosaleen Tomley,8109118372,rtomleyax@ftc.gov,REP
395,Kirk Stratiff,Rosetta Vyel,1465724163,rvyelay@statcounter.com,RFG
396,Annie Weine,Fayina Maplethorp,7734783486,fmaplethorpaz@cbsnews.com,RFP
397,Hoyt Emloch,Nanon McLleese,6959762998,nmclleeseb0@goo.ne.jp,RLS
398,Fiorenze Poyle,Linet Servis,9508047235,lservisb1@nps.gov,RPA
399,Izabel Suart,Carlina Burgyn,9047938619,cburgynb2@dailymotion.com,RUA
400,Stephanie Lapides,Terrie Heyward,2576214821,theywardb3@bloglovin.com,SAL
401,Brandy Baudinet,Lira Pieper,6461025451,lpieperb4@de.vu,SAS
402,Joanie Kobpac,Dionisio L'oiseau,6201881422,dloiseaub5@amazonaws.com,SCSG
403,Ellissa Trower,Alicia Sprey,9443340301,aspreyb6@amazon.co.jp,SEN
404,Matteo Tombleson,Datha Elis,6809155153,delisb7@google.com,SEP
405,Paquito Jephcote,Doug Espin,2056920023,despinb8@histats.com,SG
406,Mara Binyon,Fidelio Gersam,1601559574,fgersamb9@geocities.com,SING
407,Sanderson Smiz,Harriette Dreger,9348186929,hdregerba@gnu.org,SMK
408,Lew Foden,Bone Ianitti,6015508101,bianittibb@prlog.org,SOC CRED
409,Iseabal Neville,Rad Tarbert,5578542335,rtarbertbc@ustream.tv,SOL
410,Merrielle Faulo,Tisha Brunner,1253145221,tbrunnerbd@oakley.com,SOV
411,Corny Barenskie,Harriet Marshalleck,2766835228,hmarshalleckbe@yellowbook.com,SP
412,Ketty Brumfield,Halette Brazel,5864905122,hbrazelbf@umich.edu,SPA
413,Goddard Marley,Gilles Shervil,5894775042,gshervilbg@lycos.com,SPP
414,Kathrine Godwyn,Edgard Lomen,2742868251,elomenbh@patch.com,SPRT
415,Brynna Moses,Heindrick Witherspoon,2228064373,hwitherspoonbi@chron.com,SSG
416,Tresa Colls,Jeremie Wolfindale,5045565629,jwolfindalebj@skyrock.com,STATE LAB
417,Dilly Remington,Quintin O' Driscoll,8238331721,qobk@parallels.com,SUN
418,Penrod Giacomuzzi,Rooney Manilow,7091235684,rmanilowbl@vkontakte.ru,TCS
419,Luci Bisacre,Rosella Firbank,5858754697,rfirbankbm@pen.io,TFCA
420,Jacquenette Currell,Regan Epsly,6853054564,repslybn@cisco.com,TFP
421,Rog Korbmaker,Merwin McGlaud,6486401059,mmcglaudbo@comsenz.com,TG
422,Laural Betz,Leoline Dotson,8006118282,ldotsonbp@nydailynews.com,TGA
423,Armin Lefort,Dorthy O'Hare,5598977544,doharebq@dyndns.org,TGP
424,Doreen Derell,Michale Corballis,9928072047,mcorballisbr@nps.gov,TPS
425,Edithe Gubbins,Kikelia Keuning,5453200091,kkeuningbs@wunderground.com,TST
426,Guntar Commuzzo,Delmor Bansal,7047152708,dbansalbt@accuweather.com,TUP
427,Shelagh Fashion,Muire Compson,8039958585,mcompsonbu@multiply.com,UAP
428,Antons Treneman,Enrika Ormrod,4408646678,eormrodbv@fastcompany.com,UNI
429,Irwin Ashcroft,Edsel Nock,3827416045,enockbw@tamu.edu,UNP
430,Mathilde Reinert,Freida Dunseath,9275555378,fdunseathbx@exblog.jp,VCE
431,Howard Bowness,Fayre Humber,8044890767,fhumberby@amazon.co.uk,VEP
432,York Endricci,Opalina Fourcade,3349444870,ofourcadebz@wsj.com,VET
433,Emeline Chaperling,Sharai Trumpeter,7587936179,strumpeterc0@instagram.com,VFU
434,Bertie Bayne,Norby Bircher,6104205465,nbircherc1@bandcamp.com,VGA
435,Mariette Honack,Francklyn Chattell,1353145905,fchattellc2@friendfeed.com,VPG
436,Korry Gandar,Miran Extence,2782748016,mextencec3@youku.com,WA
437,Judith Grosvenor,Vernor Stather,5465517181,vstatherc4@geocities.jp,WKP
438,Reinold Haley,Christy Daborn,6213647808,cdabornc5@homestead.com,WSG
439,Mandie Bootyman,Cynde Cottu,7652506816,ccottuc6@usa.gov,WTP
440,Paulette Perse,Jordain Waterman,4129199437,jwatermanc7@bravesites.com,WWW
441,Dalt Bonwell,Kalvin Ullyott,6608404801,kullyottc8@mac.com,XEN
442,Aldrich Pulley,Murial Atter,6463979846,matterc9@house.gov,YNP
443,Hedvig Blune,Charlena Lepper,4074314954,clepperca@wisc.edu,AAFI
444,Konstantine Dulany,Thoma L'Hommee,5958572276,tlhommeecb@digg.com,AAP
445,Althea Trainor,Ricki Devennie,4864222545,rdevenniecc@ask.com,AAHP
446,Bordy Titmuss,Enrique Dulinty,4522478130,edulintycd@auda.org.au,AAPP
447,Edie Tingley,Urbanus Hatje,2894001994,uhatjece@google.it,ABF
448,Xena Filby,Jemie Stannus,7381725318,jstannuscf@yale.edu,ABR
449,Eva Kindred,Ayn Howlin,6043931019,ahowlincg@telegraph.co.uk,ACH
450,Hephzibah Gisbey,Georgiana Kaiser,4624516716,gkaiserch@naver.com,ACP
451,Babbie Romaines,Arnie Quenby,4324534828,aquenbyci@dailymotion.com,ACS
452,Jacky Blinde,Toby Nesfield,3758997504,tnesfieldcj@howstuffworks.com,ADP
453,Taffy Shawel,Clemente Rosenfelt,1805739067,crosenfeltck@deliciousdays.com,ADVP
454,Marnie Cardow,Jessey Hoxey,9944734393,jhoxeycl@studiopress.com,AED
455,Anna-diane Rockell,Corabella Beeston,3118109393,cbeestoncm@toplist.cz,AEQ
456,Madalyn Kaindl,Nico Sherrett,3668663122,nsherrettcn@is.gd,AF
457,Beverlie Shalders,Dionysus Brant,2854048271,dbrantco@theguardian.com,AFI
458,Kristyn Korba,Gaile Schult,4071063190,gschultcp@hao123.com,AFLP
459,Heather Killerby,Alexa MacKettrick,7731997473,amackettrickcq@amazon.com,AFM
460,Prinz Fullalove,Mikol Leverton,8895890790,mlevertoncr@nba.com,AFN
461,Giustina Macvain,Addia Marco,4191532494,amarcocs@washingtonpost.com,AGP
462,Henriette Ecob,Aguste Swaton,5277346821,aswatonct@phoca.cz,AIN
463,Gertrud Armer,Blaire Dufton,7624634845,bduftoncu@feedburner.com,AIP
464,Ingemar Sennett,Annice Hicken,1025423236,ahickencv@toplist.cz,AJP
465,Darda MacTerlagh,Kayley Hefferan,4067748395,khefferancw@oaic.gov.au,ALA
466,Aymer Manvelle,Joseito Joul,9448428109,jjoulcx@nationalgeographic.com,ALP
467,Mattias Millam,Bobette Tabord,3652767760,btabordcy@forbes.com,AMHP
468,Budd Caulkett,Kimberli O'Brollachain,5126978360,kobrollachaincz@edublogs.org,AMEP
469,Sari Shaudfurth,Ronica Bickerton,7152268834,rbickertond0@latimes.com,ANTI-COM LAB
470,Bernelle Hairon,Erminia Gage,7742186149,egaged1@nymag.com,ANTI-SOC
471,Abraham Kullmann,Robby Ricardot,7152896517,rricardotd2@freewebs.com,AP
472,Aluino Barsham,Eustace Hammerberg,1512553831,ehammerbergd3@japanpost.jp,APA
473,Ambrose Tolman,Estele Galey,4981890132,egaleyd4@furl.net,ARF
474,Rafaela Sidlow,Nickey Izac,5989336713,nizacd5@google.co.jp,APEP
475,Shalom Foulser,Delaney Popping,3937014458,dpoppingd6@hatena.ne.jp,APP
476,Robenia Attiwill,Kerstin Wyman,5488014731,kwymand7@boston.com,ARP
477,Lazarus Spawton,Reiko Brende,9282577105,rbrended8@eepurl.com,ARTS
478,Auberon Wooder,Daisy Grummitt,8577871397,dgrummittd9@github.io,ASG
479,Reese Haylock,Frederigo Killerby,6858409383,fkillerbyda@diigo.com,ASP
480,Renie Worstall,Sapphira Roome,2084538240,sroomedb@sourceforge.net,ASXP
481,Murray Rosenstock,Javier Leney,6081034382,jleneydc@time.com,AUC
482,Cort Veevers,Diann Barrowclough,8587589086,dbarrowcloughdd@wix.com,AUP
483,Brigham Scranney,Clarita Kneebone,9977551779,ckneebonede@cdbaby.com,AWP
484,Skippie Romanetti,Brandyn Ferreira,2424889757,bferreiradf@dedecms.com,BAP
485,Vinnie Fitzroy,Shawnee Karchewski,4757404448,skarchewskidg@gnu.org,BRP
486,Jaime Edwardson,Kippy Clemes,9189384240,kclemesdh@auda.org.au,BTA
487,Fayre Marguerite,Erinna Corstorphine,5503013947,ecorstorphinedi@nps.gov,C PROG
488,Renate Thunnerclef,Stanly Leftley,1384962859,sleftleydj@arstechnica.com,CA
489,Sutherlan Bugdale,Lalo Jeger,8769847551,ljegerdk@google.es,CAL
490,Amii Agneau,Percival Mudd,1616110261,pmudddl@soundcloud.com,CAP
491,Violetta Matuszewski,Sandro Hatchett,2413816123,shatchettdm@cnn.com,CCA
492,Delaney Summerill,Elvis Wearing,9876576774,ewearingdn@walmart.com,CCC
493,Way Elliff,Brinn Shemmin,5499068140,bshemmindo@163.com,CCE
494,Dedie Pendrick,Isiahi Josupeit,8061817745,ijosupeitdp@mozilla.com,CCG
495,Rory Capaldo,Linnea Cammock,9892628318,lcammockdq@yahoo.co.jp,CDP
496,Bryan Willis,Kory Pittoli,6217509927,kpittolidr@hp.com,CEC
497,Cecilla Haucke,Tiffani Pires,6864696859,tpiresds@wsj.com,CEG
498,Agnola Bernhardt,Dede Frears,3443290110,dfrearsdt@mediafire.com,CG
499,Caryl Robbert,Kareem Peagram,2114358410,kpeagramdu@dell.com,CIR
500,Constantine McOrkil,Ruggiero Aleksahkin,4294379644,raleksahkindv@google.ca,CLA
